Count,ExcerptPostId,Id,TagName,WikiPostId
104,2138,1,cruising,2137
43,357,2,caribbean,356
43,319,4,vacations,318
8,14548,6,amazon-river,14547
100,1792,8,romania,1791
373,1183,9,transportation,1182
39,243,10,extreme-tourism,242
10,164,11,antarctica,163
386,1112,12,planning,1111
2858,158,14,usa,157
658,1193,15,airports,1192
876,1417,16,public-transport,1416
88,2394,17,argentina,2393
483,2719,18,money,2718
460,506,19,safety,505
5271,311,20,visas,310
83,2406,21,peru,2405
40,4224,22,bolivia,4223
96,361,25,cuba,360
585,281,26,international-travel,280
62,13726,27,hungary,13725
33,369,28,budapest,368
1031,337,29,trains,336
681,286,30,europe,285
443,496,31,china,495
61,1798,32,mongolia,1797
291,294,33,russia,293
64,355,34,south-america,354
11,2398,39,tropical-destinations,2397
57,1734,40,activities,1733
71,3840,41,destinations,3839
66,1191,42,adventure,1190
147,1120,43,taxis,1119
20,3813,45,estonia,3812
2830,255,46,air-travel,254
46,18388,47,permits,18387
14,9728,48,tibet,9727
33,2386,49,florida,2385
15,643,50,orlando,642
123,4507,52,south-africa,4506
826,325,53,luggage,324
584,469,55,japan,468
507,2134,57,airlines,2133
143,1794,59,israel,1793
17,9867,60,palestine,9866
305,1718,61,accommodation,1717
615,459,62,france,458
40,670,65,shanghai,669
126,365,67,new-zealand,364
130,2418,68,vietnam,2417
246,1730,72,insurance,1729
40,332,74,central-america,331
38,2366,75,around-the-world,2365
660,340,76,india,339
151,367,77,hiking,366
46,371,78,africa,370
7,1742,82,kilimanjaro,1741
2,1140,84,international-calls,1139
241,253,85,sightseeing,252
658,1185,86,online-resources,1184
52,1134,87,mobile-operators,1133
710,392,90,budget,391
137,1728,92,tours,1727
28,4222,94,ecuador,4221
142,8306,95,hong-kong,8305
268,641,96,paris,640
52,359,98,high-speed-rail,358
99,1056,99,fares,1055
396,1720,100,hotels,1719
191,597,101,loyalty-programs,596
26,317,103,middle-east,316
6,52898,104,yemen,52897
193,1122,105,road-trips,1121
84,2390,106,denmark,2389
125,10475,107,nature-and-wildlife,10474
102,2262,108,iran,2261
47,2380,109,pakistan,2379
12,532,111,uzbekistan,531
10,2228,112,tajikistan,2227
288,375,113,spain,374
387,508,114,cellphones,507
54,3721,115,diving,3720
11,260,116,ecotourism,259
107,2230,117,malaysia,2229
52,2136,119,guides,2135
2,14579,122,astrakhan,14578
181,327,123,ferries,326
26,1796,124,kazakhstan,1795
39,315,126,consulates,314
7,346,127,castles,345
407,467,128,italy,466
54,2374,130,mountains,2373
76,284,134,overland,283
11,3817,135,carnet-de-passage,3816
95,353,138,language-barrier,352
27,1744,139,tourist-traps,1743
8,23914,140,eclipses,23913
411,1738,141,australia,1737
16,647,144,tallinn,646
27,4708,147,star-alliance,4707
29,344,148,alaska,343
143,1219,149,work,1218
421,363,151,food-and-drink,362
54,1197,152,seasonal,1196
80,2296,153,tipping,2295
97,257,154,photography,256
81,1199,155,backpacking,1198
210,1326,156,security,1325
292,1736,157,automobiles,1735
391,1132,160,buses,1131
40,16754,162,passenger-rights,16753
98,16118,163,delays,16117
4,53270,164,aktau,53269
25,9855,166,mountain-climbing,9854
123,342,167,georgia-country,341
16,335,168,caucasus,334
270,1118,169,borders,1117
91,595,172,southeast-asia,594
9,2392,173,black-sea,2391
27,2384,174,eastern-europe,2383
70,645,175,rome,644
72,2372,176,motorcycles,2371
17,1124,177,trans-siberian,1123
199,1223,178,local-customs,1222
21,510,179,armenia,509
29,512,180,azerbaijan,511
16,10487,182,guatemala,10486
87,653,185,istanbul,652
250,534,186,turkey,533
133,2260,192,iceland,2259
107,2264,195,greece,2263
131,2388,196,clothing,2387
2114,413,197,uk,412
1798,541,199,customs-and-immigration,540
5,2414,201,shore-excursions,2413
366,1116,202,car-rentals,1115
435,1187,206,health,1186
28,463,208,north-america,462
134,2232,209,routes,2231
447,1189,211,driving,1188
74,1755,215,itineraries,1754
132,2292,216,maps,2291
31,649,218,boston,648
139,1128,221,camping,1127
65,2140,222,bulgaria,2139
44,655,225,los-angeles,654
446,461,226,airport-transfer,460
204,630,227,new-york-city,629
139,3735,228,poland,3734
648,841,229,germany,840
2,661,233,bukhara,660
86,2408,234,philippines,2407
18,668,237,seattle,667
376,657,240,london,656
24,651,241,kuala-lumpur,650
131,1114,243,rental,1113
205,521,244,mexico,520
72,9831,251,cambodia,9830
57,1761,252,laos,1760
23,9829,254,grand-canyon,9828
218,1999,255,switzerland,1998
103,2298,256,taiwan,2297
253,2144,257,thailand,2143
94,1765,258,sea-travel,1764
18,1138,262,freighter-travel,1137
95,1722,269,hostels,1721
2094,1126,270,schengen,1125
21,10010,271,tanzania,10009
4,52900,273,swaziland,52899
137,3733,274,power,3732
35,1203,281,lax,1202
14,2962,283,british-columbia,2961
8,1207,285,jnb,1206
55,11707,290,washington-dc,11706
369,2142,291,airport-security,2141
21,10109,293,campers,10108
105,2622,294,norway,2621
227,860,295,netherlands,859
24,34849,297,cyprus,34848
802,1790,299,canada,1789
52,1751,301,toronto,1750
5,10489,302,honduras,10488
15,2234,304,kyrgyzstan,2233
3,83090,307,pamir-highway,83089
31,9845,308,festivals,9844
23,1205,309,kul,1204
4,16210,311,dushanbe,16209
954,1221,313,passports,1220
47,9865,315,shipping,9864
73,2226,320,ukraine,2225
35,3238,322,venice,3237
867,2224,323,tickets,2223
59,9839,324,travel-agents,9838
33,1749,329,stockholm,1748
161,2240,333,driving-licenses,2239
89,3372,337,museums,3371
12,3811,338,lithuania,3810
135,2382,339,indonesia,2381
85,2410,340,solo-travel,2409
17,2378,343,nicaragua,2377
60,1136,344,atms,1135
3,3815,345,bishkek,3814
66,2364,347,working-holiday,2363
11,9863,350,jet-lag,9862
59,2370,351,long-haul,2369
159,3350,352,ireland,3349
1204,1195,353,transit,1194
14,23283,354,central-asia,23282
34,6401,363,outdoor-activities,6400
107,4584,369,tokyo,4583
2,82678,373,novosibirsk,82677
8,1148,375,ulan-bator,1147
261,1110,377,children,1109
27,2960,378,buenos-aires,2959
226,1150,381,lhr,1149
147,2402,382,singapore,2401
42,9732,385,beijing,9731
50,1757,390,officials,1756
3,82675,392,irkutsk,82674
4,82995,393,almaty,82994
125,2396,396,sweden,2395
5,66039,398,beggars,66038
2,1270,399,syx,1269
9,1272,400,mel,1271
29,1276,403,lgw,1275
4,2914,405,astana,2913
10,1753,407,zimbabwe,1752
79,1350,409,wifi,1349
63,2258,413,islands,2257
18,2404,414,remote-locations,2403
9,10712,416,corruption,10711
69,2416,419,san-francisco,2415
12,10004,420,northern-california,10003
49,1746,422,vancouver,1745
109,1355,424,united-airlines,1354
32,1357,425,easyjet,1356
64,1363,428,ewr,1362
13,1388,432,cathay-pacific,1387
8,1390,433,china-southern-airlines,1389
10,23536,450,uganda,23535
31,1462,452,disney,1461
29,1759,455,jordan,1758
3,53348,456,petra,53347
11,16077,457,manchester,16076
27,2294,458,macedonia,2293
63,7899,459,scotland,7898
5,16405,461,dead-sea,16404
44,2376,463,lounges,2375
36,5706,464,montreal,5705
29,9843,465,guidebooks,9842
86,1726,466,data-plans,1725
75,4489,469,morocco,4488
24,3006,470,melbourne,3005
59,3051,471,egypt,3050
191,2236,473,exchange,2235
38,2400,480,serbia,2399
20,2368,481,albania,2367
16,2420,483,athens,2419
15,2958,484,bucharest,2957
26,9827,494,hawaii,9826
9,4556,495,korean-air,4555
12,1673,497,yvr,1672
35,7474,500,sri-lanka,7473
20,17506,503,northern-ireland,17505
17,2360,505,southern-california,2359
133,2877,510,belgium,2876
79,2854,511,brussels,2853
12,6403,512,southeast-europe,6402
156,3971,515,internet,3970
54,3715,517,pets,3714
18,2256,518,balkans,2255
51,3348,519,hitchhiking,3347
35,1942,522,gps-navigation,1941
80,10002,523,croatia,10001
10,7090,527,batumi,7089
19,9871,531,couchsurfing,9870
20,2880,533,geneva,2879
64,11724,534,duty-free,11723
122,1934,536,gear,1933
809,2242,539,legal,2241
56,1969,540,bangkok,1968
11,1967,541,sofia,1966
22,1965,542,oneworld,1964
40,9833,544,las-vegas,9832
204,2004,546,eu,2003
27,9835,548,group-travel,9834
10,2002,549,liechtenstein,2001
84,2222,550,austria,2221
64,9817,551,national-parks,9816
18,16128,553,niagara-falls,16127
23,3725,554,insects,3724
33,8303,555,alps,8302
30,2088,556,ontario,2087
23,2147,564,helsinki,2146
58,2132,566,finland,2131
60,2162,570,nepal,2161
60,2423,574,cdg,2422
124,2202,575,uae,2201
7,10481,576,arctic,10480
9,2210,579,space,2209
10,2212,581,kerala,2211
49,2208,582,cities,2207
10,2216,586,us-airways,2215
12,13263,588,san-diego,13262
78,2268,590,jfk,2267
2,8180,595,chernobyl,8179
2,2412,598,shkoder,2411
128,5682,600,culture,5681
11,16236,601,homestay,16235
31,5885,604,gifts,5884
23,2902,607,interrail,2901
43,2430,608,tap-water,2429
31,23534,610,local-knowledge,23533
168,9847,613,dubai,9846
76,2440,614,dxb,2439
15,13721,618,latvia,13720
7,2526,619,riga,2525
23,16197,620,jamaica,16196
7,2483,622,georgia-usa,2482
17,16450,623,winter-sports,16449
25,10000,624,pre-pay,9999
72,4131,628,czech-republic,4130
40,2889,629,zurich,2888
2,82479,631,berat,82478
315,9861,632,us-visa-waiver-program,9860
35,9815,633,costa-rica,9814
10,83363,636,safari,83362
87,9813,639,stopovers,9812
15,10014,641,aeroflot,10013
12,2591,642,scandinavia,2590
5,2593,643,nordic-countries,2592
19,5091,646,swiss,5090
22,4546,647,singapore-airlines,4545
487,2650,650,us-citizens,2649
150,2652,651,australian-citizens,2651
130,2658,653,canadian-citizens,2657
99,2656,655,eu-citizens,2655
91,3343,656,beaches,3342
128,2665,657,bicycles,2664
164,2667,660,identify-this,2666
36,2663,664,tbilisi,2662
68,3345,666,winter,3344
20,4513,669,central-europe,4512
39,10491,671,accessibility,10490
40,2776,673,day-trips,2775
10,2774,674,cairo,2773
79,10466,676,recommendations,10465
193,3731,679,south-korea,3730
6,2818,681,thessaloniki,2817
59,9809,682,communication,9808
10,9730,683,mount-everest,9729
364,3060,684,tips-and-tricks,3059
46,3729,686,locate-this,3728
30,2849,687,vantage-points,2848
60,9435,691,nightlife,9434
159,2851,692,terminology,2850
277,2887,693,uk-citizens,2886
9,16130,697,tel-aviv,16129
39,2898,698,vienna,2897
10,52890,699,namibia,52889
7,4565,705,air-new-zealand,4564
234,6412,709,electronic-items,6411
60,9977,713,lufthansa,9976
9,5521,714,amazon-jungle,5520
4,16346,715,submarines,16345
39,9859,719,chicago,9858
87,6626,721,alcohol,6625
4,8172,725,auschwitz,8171
49,3008,726,sydney,3007
20,3011,727,kyoto,3010
3,2997,729,vce,2996
2,18303,732,jonkoping,18302
15,16589,735,venezuela,16588
6,14717,737,yosemite,14716
291,4371,739,regulations,4370
11,6215,743,boeing,6214
131,5873,744,aircraft,5872
119,5883,747,brazil,5882
270,16756,749,dual-nationality,16755
121,9734,751,hygiene,9733
3,3150,753,great-barrier-reef,3149
24,3179,759,disputed-territories,3178
54,3713,760,asia,3712
27,9857,761,geography,9856
63,5684,766,countries,5683
8,31151,773,kyushu,31150
8,3254,775,hostelworld,3253
33,11705,777,sports-events,11704
523,9801,783,paperwork,9800
6,16132,786,fjords,16131
171,9799,789,shopping,9798
23,23541,790,souvenirs,23540
50,3858,791,iranian-citizens,3857
17,10472,794,hot-springs,10471
37,3717,795,embassies,3716
103,4554,798,british-airways,4553
10,76976,802,footwear,76975
7,10485,803,no-advance-plans,10484
76,9819,804,architecture,9818
56,4491,806,landmarks,4490
10,23912,808,thanksgiving,23911
139,4380,810,visa-free-entry,4379
86,9811,811,restaurants,9810
51,9443,812,one-way,9442
179,10477,814,study,10476
63,3433,815,languages,3432
10,16762,816,surfing,16761
5,16409,817,valencia,16408
87,7901,818,berlin,7900
16,16458,824,patagonia,16457
79,9853,825,chile,9852
28,10008,827,snow,10007
120,4382,828,visas-on-arrival,4381
16,11726,831,war-zones,11725
133,3793,838,amsterdam,3792
423,9803,839,layovers,9802
71,9825,840,walking,9824
45,10870,851,greyhound,10869
70,3862,854,russian-citizens,3861
35,10845,856,qatar,10844
8,37058,862,sicily,37057
25,11715,870,islam,11714
19,3719,872,sex,3718
8,3697,875,lcy,3696
48,8170,877,amtrak,8169
75,4373,882,public-holidays,4372
11,3868,888,new-south-wales,3867
40,4051,889,sfo,4050
19,4147,891,auroras,4146
7,3866,892,san-jose-california,3865
7,19670,893,tromso,19669
75,3791,902,ams,3790
9,3978,903,basel,3977
2,36707,904,baltic-sea,36706
9,11399,905,kaliningrad,11398
3,83016,907,curonian-spit,83015
60,3856,908,german-citizens,3855
80,4087,914,religion,4086
16,23904,916,temples,23903
18,3854,919,amusement-parks,3853
7,3852,920,cairns,3851
42,4085,922,statistics,4084
45,4517,924,roaming,4516
28,3892,931,indonesian-citizens,3891
6,14792,933,greenland,14791
9,3956,935,cancun,3955
15,16394,937,volcanoes,16393
3,4009,943,french-guiana,4008
32,30898,945,global-entry,30897
29,4075,955,new-delhi,4074
28,11703,962,sailing,11702
177,8537,965,where-on-earth,8536
6,16204,967,galapagos-islands,16203
17,4203,973,north-korea,4202
25,9422,977,off-road,9421
6,9551,978,bath-england,9550
10,4220,979,animal-riding,4219
13,24526,981,ethical-travel,24525
24,4212,984,luxury,4211
6,4206,985,north-africa,4205
16,23265,986,resorts,23264
15,13735,987,deserts,13734
47,4210,989,long-term,4209
7,16328,992,altitude,16327
2,31153,995,christmas-island,31152
14,16124,997,rio-de-janeiro,16123
12,4260,998,swedish-citizens,4259
36,9841,1000,short-notice,9840
20,4279,1003,polish-citizens,4278
8,18507,1006,senegal,18506
3,4700,1010,dakar,4699
27,11709,1011,entertainment,11708
8,4695,1012,carnival-mardi-gras,4694
99,9823,1013,sleeping,9822
34,9837,1015,low-cost-carriers,9836
73,4367,1017,chinese-citizens,4366
97,4586,1019,tsa,4585
11,9869,1020,cape-town,9868
12,23920,1021,oregon,23919
11,16240,1024,marrakech,16239
89,4552,1031,american-airlines,4551
16,4673,1035,nudism,4672
12,11717,1040,mediterranean,11716
41,4646,1044,klm,4645
31,4724,1054,ord,4723
365,4742,1056,esta,4741
7,14539,1064,new-orleans,14538
20,16227,1066,music,16226
2,31155,1072,byron-bay,31154
96,7343,1075,california,7342
37,18613,1081,mumbai,18612
18,30854,1092,osaka,30853
18,17533,1094,machu-picchu,17532
16,4980,1095,discrimination,4979
916,5021,1097,indian-citizens,5020
13,14478,1099,phuket,14477
3,83687,1103,burning-man,83686
6,20907,1105,fiji,20906
22,11713,1106,natural-disasters,11712
43,11711,1107,emergencies,11710
6,6222,1119,wroclaw,6221
66,9849,1123,england,9848
2,5279,1128,lgb,5278
19,17314,1129,bosnia,17313
7,24352,1136,rajasthan,24351
10,16134,1137,jerusalem,16133
30,27600,1143,air-india,27599
4,16242,1144,kingfisher-airlines,16241
17,8190,1145,krakow,8189
7,6126,1148,gdansk,6125
2,83002,1150,daintree,83001
30,10594,1153,tax-refunds,10593
14,5499,1154,ltn,5498
8,5502,1155,east-asia,5501
43,5519,1156,seoul,5518
10,5596,1172,scenic-routes,5595
27,5641,1176,lisbon,5640
3,74474,1187,banks,74473
51,5766,1196,eta,5765
55,23528,1197,cultural-awareness,23527
35,18509,1199,kuwait,18508
44,5832,1206,visa-runs,5831
155,9432,1207,cancellations,9431
495,9805,1208,bookings,9804
13,5850,1210,pek,5849
5,83494,1215,technical-stops,83493
3,76772,1216,honolulu,76771
38,9430,1219,panama,9429
6,10872,1221,marshrutkas,10871
36,16126,1222,traffic,16125
35,6346,1227,geek-travel,6345
173,6559,1231,factoids,6558
2,30856,1236,jodhpur,30855
4,6108,1239,yerevan,6107
20,6394,1240,ships,6393
15,6265,1255,bahamas,6264
33,6282,1258,copenhagen,6281
11,23273,1259,charter,23272
5,47004,1260,split,47003
23,30999,1264,eurail,30998
21,8196,1265,zrh,8195
3,9549,1268,andaman-nicobar-islands,9548
5,16425,1269,helicopters,16424
11,9547,1275,arizona,9546
17,22544,1281,travel-tools,22543
20,6484,1283,socializing,6483
11,10988,1286,goa-india,10987
14,7462,1287,bangalore,7461
25,8160,1290,yyz,8159
11,16758,1292,siberia,16757
2,8174,1293,baikal,8173
6,6664,1296,philippine-airlines,6663
81,13723,1299,portugal,13722
12,6668,1300,alaska-airlines,6667
41,8599,1306,moscow,8598
31,10479,1311,volunteering,10478
25,7303,1315,madrid,7302
9,20913,1323,jakarta,20912
9,10006,1331,olympics,10005
53,9428,1340,colombia,9427
3,,1343,mobile-internet,
16,7104,1348,saudi-citizens,7103
2,82461,1353,timbuktu,82460
4,52888,1354,mali,52887
46,7178,1357,fra,7177
43,7230,1358,ist,7229
6,23910,1360,maryland,23909
9,7300,1368,monaco,7299
6,60898,1370,extreme-sports,60897
5,7331,1371,south-asia,7330
98,11719,1386,etiquette,11718
12,10624,1395,vatican-city,10623
7,8166,1398,lima,8165
7,30985,1402,kashmir,30984
6,84849,1403,phi-phi,84848
18,16344,1404,israeli-citizens,16343
14,23530,1407,travel-companions,23529
10,7785,1410,hhn,7784
56,31014,1414,import-taxes,31013
15,65879,1416,new-jersey,65878
4,53011,1419,christchurch,53010
37,7909,1422,dublin,7908
10,30987,1425,ramadan,30986
40,8052,1426,sncf,8051
14,7976,1429,bkk,7975
5,18611,1430,cannes,18610
5,59371,1433,school-holidays,59370
54,10470,1435,barcelona,10469
16,8040,1440,quebec,8039
12,23263,1447,vientiane,23262
2,8327,1449,lusaka,8326
7,31018,1450,zambia,31017
129,9807,1452,fees-and-charges,9806
7,8158,1454,la-paz,8157
21,14565,1458,saint-petersburg,14564
43,8325,1459,prague,8324
68,13730,1462,ryanair,13729
31,10016,1465,air-canada,10015
28,17312,1467,montenegro,17311
19,8331,1469,bavaria,8330
38,8275,1471,airbnb,8274
41,9910,1473,swimming,9909
9,16212,1476,romance,16211
10,17219,1481,siem-reap,17218
2,82482,1483,pakse,82481
7,65877,1485,universal-studios,65876
7,8441,1491,dolomites,8440
26,16326,1494,flight-status,16325
8,52835,1498,peak-district,52834
10,23908,1500,software,23907
22,8544,1504,slovakia,8543
20,8530,1505,canary-islands,8529
4,17316,1507,ghent,17315
28,9912,1527,water-sports,9911
9,83277,1529,stateless-persons,83276
5,8749,1532,baltic-region,8748
25,8893,1535,ukrainian-citizens,8892
251,9821,1536,hand-luggage,9820
15,8840,1538,pregnancy,8839
3,9258,1540,eurozone,9257
2,53272,1545,bodrum,53271
10,10483,1546,great-wall-of-china,10482
3,23922,1551,mecca,23921
47,12759,1553,saudi-arabia,12758
7,9720,1556,airline-alliances,9719
9,23532,1559,washington-state,23531
16,16460,1560,summer,16459
18,9095,1565,hkg,9094
13,9131,1566,santiago-de-chile,9130
10,16074,1571,paraguay,16073
6,11200,1572,wwoof,11199
6,65873,1576,maui,65872
23,9572,1579,etihad,9571
2,16168,1580,libya,16167
11,31020,1589,guangzhou,31019
2,9318,1590,can,9317
26,9851,1593,doha,9850
12,9358,1597,hel,9357
4,53039,1599,french-polynesia,53038
5,52994,1600,jeju,52993
5,10145,1605,new-england,10144
15,9464,1606,syd,9463
5,9402,1607,ankara,9401
4,82477,1608,cappadocia,82476
27,30859,1609,japan-rail,30858
8,9407,1611,iguazu-falls,9406
63,9957,1616,events,9956
14,23281,1620,ride-sharing,23280
3,9491,1623,asuncion,9490
106,10295,1628,family,10294
21,9539,1629,icn,9538
12,18505,1640,cologne,18504
69,9588,1641,munich,9587
20,10267,1644,lille,10266
3,9982,1653,nova-scotia,9981
14,11314,1655,queensland,11313
9,16338,1661,nevada,16337
4,83713,1664,victoria-falls,83712
7,53363,1667,pyrenees,53362
14,20909,1668,dusseldorf,20908
23,9964,1670,bru,9963
53,16312,1672,nigerian-citizens,16311
6,16173,1676,malawi,16172
13,10072,1682,tenerife,10071
13,10107,1686,motor-homes,10106
22,16407,1688,texas,16406
6,10165,1692,arn,10164
60,23275,1693,qatar-airways,23274
4,10457,1696,scl,10456
7,52957,1699,nicaraguan-citizens,52956
26,31001,1700,i-94,31000
7,10384,1713,radiation,10383
12,10523,1722,atlanta,10522
21,10525,1724,brisbane,10524
42,10551,1729,turkish-citizens,10550
3,10702,1733,georgian-language,10701
11,10647,1734,russian-language,10646
46,10704,1735,egyptian-citizens,10703
3,10655,1736,den,10654
7,12751,1739,formula-one,12750
2,53076,1740,grands-prix,53075
11,10699,1742,salzburg,10698
9,16281,1744,japanese-language,16280
4,53330,1746,lake-district,53329
17,11192,1752,bangladesh,11191
2,52959,1753,tasmania,52958
4,12829,1754,genoa,12828
31,10800,1757,tolls,10799
2,10809,1760,danube,10808
29,10875,1761,bali,10874
8,51872,1763,chiang-mai,51871
10,53046,1765,the-louvre,53045
11,53390,1767,himalayas,53389
1,10953,1769,tos,10952
1,13741,1773,tse,13740
1,10977,1774,airport-link,10976
5,10980,1775,late-arrival,10979
23,10983,1776,qantas,10982
4,10986,1777,bsl,10985
1,16166,1778,idaho,16165
11,26300,1781,chennai,26299
36,11029,1785,french-citizens,11028
1,11407,1792,gye,11406
2,11405,1793,guayaquil,11404
21,16316,1795,del,16315
8,11074,1797,tamil-nadu,11073
14,11397,1799,nice,11396
5,53044,1800,french-riviera,53043
180,14719,1801,weather-and-climate,14718
16,16238,1802,military,16237
3,82447,1803,gran-canaria,82446
7,69420,1804,opaque-provider,69419
136,16148,1807,pakistani-citizens,16147
1,11389,1808,ein,11388
7,20978,1809,maastricht,20977
4,11395,1810,andalusia,11394
23,11157,1813,dutch-citizens,11156
3,11319,1815,sjo,11318
1,11162,1816,san-jose,11161
1,11391,1817,amritsar,11390
15,11387,1818,florence,11386
11,11403,1820,swiss-citizens,11402
16,11401,1821,spanish-citizens,11400
15,11385,1822,lyon,11384
28,11383,1823,milan,11382
23,11294,1824,upgrades,11293
4,11393,1825,pittsburgh,11392
9,83678,1828,government-buildings,83677
22,23545,1829,backpacks,23544
9,11381,1830,kathmandu,11380
10,16760,1837,salar-de-uyuni,16759
3,82451,1838,puno,82450
1,11453,1839,wakayama,11452
7,16314,1840,nuremberg,16313
41,11721,1841,eurostar,11720
10,11479,1842,mad,11478
13,23256,1846,new-caledonia,23255
25,31010,1848,timezones,31009
23,39766,1852,riverboats,39765
6,16956,1854,loire-valley,16955
20,23279,1855,okinawa,23278
8,17490,1856,bhutan,17489
15,16233,1857,miami,16232
11,11593,1858,oceania,11592
15,11614,1859,sin,11613
87,16334,1860,south-african-citizens,16333
6,11631,1861,eze,11630
15,52882,1869,oman,52881
2,11733,1872,tsf,11732
14,52083,1873,rivers,52082
28,17473,1876,myanmar,17472
27,12777,1877,muc,12776
50,12809,1880,nrt,12808
2,16150,1882,turin,16149
8,16140,1889,uzbek-citizens,16139
44,16122,1890,drugs,16121
40,16085,1891,female-travellers,16084
44,23538,1893,weddings,23537
127,14687,1897,seating,14686
5,,1900,adapters,
4,13069,1902,perth,13068
2,13071,1903,tfs,13070
2,16138,1904,ukrainian-language,16137
21,16199,1906,malta,16198
251,13126,1907,payment-cards,13125
14,16120,1911,football,16119
8,13220,1913,taiwanese-citizens,13219
12,13227,1914,rural,13226
1,13265,1916,great-plains,13264
135,16330,1917,price,16329
20,13717,1918,mexico-city,13716
7,14220,1919,mex,14219
5,13323,1921,tuscany,13322
27,13334,1922,dietary-restrictions,13333
39,49975,1924,invitation-letters,49974
4,13388,1925,japanese-visitors,13387
17,16171,1926,lakes,16170
12,16612,1927,taipei,16611
1,13412,1929,roc,13411
1,13414,1930,tyo,13413
1,13418,1931,asr,13417
1,13416,1932,nav,13415
18,20905,1933,reykjavik,20904
24,14796,1935,warsaw,14795
16,30995,1936,fraud,30994
12,14794,1938,vie,14793
4,14882,1940,rhine,14881
2,16162,1941,literature,16161
1,13688,1944,lake-constance,13687
5,13719,1946,dfw,13718
36,16392,1950,western-europe,16391
3,82516,1951,churchill,82515
1,14788,1952,luxembourg-city,14787
11,14786,1953,luxembourg,14785
6,23926,1954,portland,23925
18,16160,1955,malaysian-citizens,16159
3,82449,1957,manitoba,82448
46,13906,1959,local-cuisine,13905
16,14884,1960,rotterdam,14883
10,13908,1961,south-india,13907
4,14703,1962,tehran,14702
55,14019,1965,trekking,14018
8,14760,1966,uruguay,14759
5,18085,1967,montevideo,18084
5,14561,1969,zagreb,14560
8,13974,1970,skyteam,13973
5,16206,1973,archaeology,16205
2,14126,1975,dmk,14125
2,14120,1976,negombo,14119
32,52831,1979,conferences,52830
1,14563,1981,perperikon,14562
3,14512,1984,calgary,14511
1,16136,1987,winnipeg,16135
2,16158,1989,iowa,16157
8,14339,1990,open-jaw,14338
16,52847,1996,artworks,52846
4,14586,2000,tohoku,14585
11,14757,2005,southwest-airlines,14756
7,14709,2006,algeria,14708
14,16152,2007,spirit-airlines,16151
1,14680,2008,gro,14679
1,14682,2009,reu,14681
9,14736,2011,fco,14735
5,14746,2012,minneapolis,14745
1,14806,2014,gpa,14805
8,16156,2019,iraq,16155
2,16792,2020,afghanistan,16791
1,16749,2021,labrador,16748
9,16214,2022,parachutes-skydiving,16213
2,16790,2023,livorno,16789
21,16146,2025,utah,16145
7,16788,2026,hanoi,16787
4,16195,2027,connecticut,16194
1,16244,2028,north-dakota,16243
3,16246,2029,south-dakota,16245
9,31016,2030,indigenous-peoples,31015
2,16770,2031,cgn,16769
14,52843,2034,cafes,52842
10,16366,2035,casablanca,16365
2,16419,2036,nrn,16418
19,16786,2037,kosovo,16785
5,16784,2038,azores,16783
86,16441,2039,minors,16440
1,16448,2040,yamagata,16447
4,16465,2041,maldives,16464
2,16766,2042,tuva,16765
6,16782,2043,bergen,16781
3,16751,2044,guam,16750
2,16538,2046,nce,16537
116,16768,2048,business-travel,16767
17,16745,2049,hokkaido,16744
38,17804,2050,new-zealand-citizens,17803
10,17806,2051,peruvian-citizens,17805
3,16780,2057,death-valley,16779
1,16718,2058,mst,16717
2,16743,2059,guernsey,16742
10,30861,2061,malaysia-airlines,30860
5,16839,2062,south-carolina,16838
2,16841,2063,vlc,16840
3,17424,2065,eindhoven,17423
4,17422,2066,austin,17421
24,78744,2067,code-share,78743
6,17048,2069,andorra,17047
6,16958,2070,grenoble,16957
2,16990,2071,provence,16989
11,17420,2072,denver,17419
4,18254,2073,bne,18253
11,17418,2076,leipzig,17417
11,17223,2077,edi,17222
16,17414,2078,edinburgh,17413
1,17416,2079,dundee,17415
4,60825,2080,whalewatching,60824
14,17281,2082,cph,17280
2,17412,2083,cozumel,17411
96,34847,2084,residency,34846
1,17297,2085,falkland-islands,17296
8,17354,2087,west-bank,17353
7,17390,2089,leuven,17389
8,17471,2090,ory,17470
1,17469,2091,saint-lucia,17468
5,17485,2092,suriname,17484
4,17531,2096,sen,17530
2,18252,2097,world-cup,18251
4,17787,2098,world-war-ii,17786
1,17794,2099,hanover,17793
21,23271,2101,parks-and-gardens,23270
5,17791,2104,brittany,17790
3,17796,2105,uip,17795
29,18609,2116,belarus,18608
32,17995,2118,brazilian-citizens,17994
6,18256,2119,madagascar,18255
8,20911,2123,belize,20910
11,18245,2126,colorado,18244
2,18248,2127,i-80,18247
56,23916,2131,history,23915
26,20915,2134,italian-citizens,20914
1,18392,2135,zad,18391
1,18515,2142,dunes,18514
1,18518,2143,great-salt-lake,18517
2,18520,2144,salt-lakes,18519
4,18574,2145,seville,18573
5,18605,2147,corsica,18604
3,18607,2148,sardinia,18606
4,18603,2149,rix,18602
20,39267,2152,macau,39266
6,18683,2153,lis,18682
13,18694,2155,iad,18693
71,30989,2157,domestic-travel,30988
12,19348,2158,bratislava,19347
2,23570,2164,ishigaki,23569
3,82662,2166,antalya,82661
1,19901,2171,barefoot,19900
6,52909,2174,borneo,52908
6,52948,2175,trinidad-and-tobago,52947
147,23259,2176,multiple-entry,23258
7,23576,2177,yellowstone,23575
1,19317,2180,lej,19316
5,19385,2182,msp,19384
11,52880,2185,ghana,52879
12,23924,2188,oxford,23923
11,23918,2189,cambridge,23917
6,,2190,self-guided,
12,19599,2193,lga,19598
4,19639,2194,gva,19638
21,19668,2195,syrian-citizens,19667
12,52870,2196,services,52869
6,19846,2197,hamburg,19845
5,19931,2204,txl,19930
3,20153,2212,northern-territory,20152
1,20246,2215,protocol,20245
8,82504,2218,ho-chi-minh-city,82503
17,33754,2219,thai-citizens,33753
11,20648,2221,towels,20647
5,20479,2226,gondolas-and-cable-cars,20478
15,37396,2229,miles-and-more,37395
30,33748,2230,sri-lankan-citizens,33747
179,23269,2234,overstaying,23268
2,23894,2241,phoenix,23893
3,20973,2247,nederlandse-spoorwegen,20972
141,20975,2248,event-based-effects,20974
4,23151,2249,gsm-mobile,23150
81,21012,2251,visa-extensions,21011
6,22350,2252,salt-lake-city,22349
2,52984,2253,channel-islands,52983
9,23896,2254,svo,23895
76,21158,2255,90-180-visa-rules,21157
1,21164,2256,savannakhet,21163
20,49977,2258,puerto-rico,49976
20,23906,2259,kenya,23905
3,53361,2260,lake-victoria,53360
8,21248,2261,ofii,21247
86,22499,2263,refunds,22498
5,83279,2264,waterfalls,83278
6,53332,2266,wellington,53331
20,38329,2268,bom,38328
4,53328,2271,stonehenge,53327
6,24000,2273,tunisia,23999
49,52077,2274,night-transport,52076
2,21560,2275,yunnan,21559
3,21592,2276,tpe,21591
1,21594,2277,isg,21593
51,23277,2278,missed-flights,23276
1,21681,2281,northeast-china,21680
300,22325,2285,b1-b2-visas,22324
3,52982,2286,isle-of-man,52981
8,53326,2287,weekends,53325
10,22495,2288,greek-citizens,22494
10,39631,2289,spanish-language,39630
14,23149,2290,gds,23148
7,23749,2294,tunisian-citizens,23748
1,21853,2296,evn,21852
64,21855,2297,emirates,21854
17,44897,2299,kenyan-citizens,44896
3,21910,2301,aep,21909
1,23153,2302,cbg,23152
14,24587,2303,stn,24586
7,21921,2304,xian,21920
4,22497,2305,lucerne,22496
59,30991,2306,identity-cards,30990
4,22357,2308,inner-mongolia,22356
4,22798,2309,birdwatching,22797
2,22047,2310,hohhot,22046
2,53350,2311,puebla,53349
7,22170,2314,mnl,22169
9,52829,2316,detroit,52828
7,23883,2317,michigan,23882
6,23902,2318,dtw,23901
9,22317,2321,haggling,22316
6,23887,2322,moldova,23886
1,23566,2323,tiraspol,23565
8,52903,2329,finnair,52902
52,23594,2330,turkish-airlines,23593
3,22639,2331,nou,22638
6,22654,2332,chilean-citizens,22653
22,22934,2335,slovenia,22933
6,52911,2338,turkmenistan,52910
14,22938,2339,ethiopia,22937
4,22936,2340,democratic-republic-congo,22935
4,82445,2341,easter-island,82444
4,27713,2344,bristol,27712
26,23590,2346,deportation,23589
3,22835,2347,wyoming,22834
8,52976,2348,jetstar,52975
13,22857,2349,tatkal,22856
1,23592,2352,kiribati,23591
4,23751,2354,portuguese-language,23750
86,23025,2355,long-stay-visas,23024
1,23142,2357,pbc,23141
8,35689,2359,auckland,35688
1,23302,2361,akl,23301
9,23598,2363,lebanese-citizens,23597
25,23596,2364,mexican-citizens,23595
62,23526,2367,proof-of-onward-travel,23525
4,23341,2369,phl,23340
1,23568,2370,kansas,23567
6,23885,2377,north-carolina,23884
8,23572,2379,virginia,23571
1,23606,2381,aerolineas-argentinas,23605
2,23588,2382,crete,23587
63,23640,2385,denial-of-entry,23639
6,23952,2386,saw,23951
10,23892,2389,pacific-ocean,23891
5,53352,2390,tahiti,53351
6,23889,2391,norwegian-citizens,23888
6,24517,2392,houston,24516
6,23954,2393,iah,23953
1,53276,2394,apec,53275
2,53341,2395,pune,53340
5,23900,2398,social-norms,23899
10,23881,2399,pennsylvania,23880
8,82502,2400,shenzhen,82501
1,24086,2405,got,24085
4,41958,2406,bergamo,41957
23,24358,2407,firearms,24357
26,39382,2411,opening-hours,39381
2,24350,2414,udr,24349
5,24376,2415,dus,24375
11,24424,2417,manila,24423
1,24426,2418,crk,24425
18,24440,2419,hnd,24439
3,82999,2420,tikal,82998
8,83504,2424,ruins,83503
11,24879,2427,havana,24878
4,31244,2428,liverpool,31243
5,52951,2429,wales,52950
4,37375,2433,ana,37374
6,83425,2435,air-quality,83424
27,52868,2436,e-visas,52867
8,38333,2437,bulgarian-citizens,38332
5,52965,2440,libyan-citizens,52964
1,25218,2445,avv,25217
2,34909,2447,agra,34908
2,25246,2448,cju,25245
11,80401,2450,san-francisco-bay-area,80400
7,25361,2454,saudi-airlines,25360
10,52896,2455,faroe-islands,52895
18,38331,2456,afghan-citizens,38330
61,30866,2457,f1-visas,30865
47,31012,2458,j1-visas,31011
46,30868,2459,h1b-visas,30867
8,34769,2460,gibraltar,34768
58,52827,2461,mail,52826
12,81356,2462,thalys,81355
79,30870,2465,indian-railways,30869
56,25774,2466,scams,25773
1,31247,2467,york,31246
2,83012,2469,everglades,83011
5,83680,2471,hunting,83679
4,52999,2472,kix,52998
5,81395,2474,airbus,81394
8,30997,2479,ryokans,30996
35,38335,2481,bangladeshi-citizens,38334
2,50455,2482,guatemalan-citizens,50454
7,53339,2483,leh-india,53338
9,34531,2484,north-india,34530
34,42754,2485,vietnamese-citizens,42753
7,52886,2489,mauritius,52885
10,33752,2491,colombian-citizens,33751
15,51874,2494,jr-passes,51873
3,39290,2495,buffalo,39289
2,82484,2496,kortrijk,82483
38,52081,2498,mobile-apps,52080
11,26661,2499,privacy,26660
2,26663,2500,sapporo,26662
4,53355,2503,north-sea,53354
124,26799,2506,flight-search-engines,26798
9,53359,2507,atlantic-ocean,53358
4,26821,2508,ljubljana,26820
38,37056,2510,frankfurt,37055
14,53009,2519,oslo,53008
2,66062,2521,senior-travel,66061
4,82323,2523,new-mexico,82322
5,82437,2524,stuttgart,82436
2,27170,2525,anr,27169
108,27211,2527,luggage-storage,27210
2,27272,2529,nikko,27271
2,82467,2531,newfoundland,82466
4,52892,2534,nigeria,52891
5,52988,2538,lebanon,52987
26,39800,2539,abu-dhabi,39799
14,52997,2545,doh,52996
4,31260,2546,gru,31259
7,27678,2547,tatras,27677
2,27810,2548,sna,27809
5,30847,2549,atl,30846
3,82514,2550,syracuse,82513
2,82463,2551,vilnius,82462
1,52990,2552,vno,52989
11,46911,2553,new-york-state,46910
1,30921,2556,busking,30920
77,30993,2557,compensation,30992
47,52072,2563,working-visas,52071
6,76329,2565,baltimore,76328
11,52894,2566,moroccan-citizens,52893
12,30615,2567,philadelphia,30614
4,30761,2568,royal-jordanian,30760
43,77565,2572,prohibited-items,77564
21,34932,2574,air-france,34931
20,31258,2575,dub,31257
9,34930,2576,shinkansen,34929
2,31192,2579,cia,31191
9,33746,2580,hong-kong-citizens,33745
1,34920,2581,crater-lake,34919
8,31518,2583,norwegian-air-shuttle,31517
3,53346,2585,oaxaca,53345
18,83088,2586,common-travel-area,83087
2,52961,2589,singaporean-citizens,52960
3,34907,2594,sudan,34906
8,38689,2597,scooters,38688
1,34173,2600,pbm,34172
66,34924,2601,train-stations,34923
15,34201,2605,nexus,34200
9,34916,2606,laundry,34915
2,34855,2611,haitian-citizens,34854
1,34390,2612,trd,34389
38,52074,2613,taxes,52073
22,34926,2614,pilgrimages,34925
3,34904,2616,colombo,34903
18,35004,2619,smoking,35003
4,83265,2620,e-cigarettes,83264
4,83081,2625,basque-country,83080
7,35076,2626,virgin-australia,35075
3,52980,2628,us-virgin-islands,52979
4,52978,2629,british-virgin-islands,52977
156,52878,2630,filipino-citizens,52877
16,35630,2637,visa-rejections,35629
11,53041,2639,addis-ababa,53040
12,52970,2641,dominican-republic,52969
13,35770,2642,iberia,35769
2,56405,2649,el-calafate,56404
2,82465,2653,tirana,82464
10,42536,2654,dubrovnik,42535
6,52974,2658,cayman-islands,52973
3,36668,2659,worldwide,36667
73,38835,2661,proof-of-funds,38834
5,71392,2662,alberta,71391
5,36894,2663,glasgow,36893
3,50453,2666,honduran-citizens,50452
11,52841,2669,bruges,52840
8,38290,2673,pvg,38289
3,38272,2674,sha,38271
5,37330,2677,maa,37329
33,37379,2678,delta-air-lines,37378
4,38288,2681,crl,38287
4,37402,2682,tangier,37401
23,37501,2684,registration,37500
5,38284,2686,pty,38283
3,82259,2689,oklahoma,82258
66,37671,2690,spouses,37670
3,53335,2691,queenstown,53334
1,38286,2692,zqn,38285
21,38270,2694,lost-luggage,38269
18,37837,2695,damaged-luggage,37836
2,83706,2697,american-english,83705
1,37933,2701,pnq,37932
6,83438,2702,french-language,83437
3,83440,2703,arabic-language,83439
3,45194,2704,dutch-language,45193
8,45196,2705,german-language,45195
15,52079,2706,english-language,52078
2,38293,2712,goair,38292
25,51624,2713,fragile-luggage,51623
1,38226,2714,catalan-language,38225
3,38337,2715,japanese-citizens,38336
7,38277,2716,spicejet,38276
4,52972,2717,airbaltic,52971
33,51798,2726,london-underground,51797
2,52963,2728,gabon,52962
2,53036,2731,brazzaville,53035
5,38827,2734,belgrade,38826
7,38664,2737,medical-tourism,38663
10,38825,2741,man,38824
2,52986,2742,malay-language,52985
7,39374,2747,silicon-valley,39373
5,38913,2748,las,38912
6,52955,2750,jordanian-citizens,52954
1,39372,2751,malacca,39371
11,52085,2753,vouchers,52084
2,41975,2756,tajikistani-citizens,41974
21,39366,2757,datv,39365
4,39370,2758,jal,39369
1,41971,2760,sudanese-citizens,41970
3,83077,2761,torres-del-paine,83076
1,39417,2762,boa,39416
1,39854,2764,aqaba,39853
1,39858,2766,gyd,39857
8,39507,2767,baku,39506
2,83387,2768,closures,83386
10,44450,2769,kiev,44449
27,41977,2770,ghanaian-citizens,41976
14,39852,2772,airasia,39851
4,39850,2773,oak,39849
5,39804,2774,cai,39803
2,41985,2775,rabat,41984
2,39635,2777,asiana-airlines,39634
8,39848,2778,massachusetts,39847
130,39914,2782,passport-stamps,39913
4,53399,2784,sunshine-coast,53398
2,40087,2785,cns,40086
5,53392,2786,mount-fuji,53391
2,41967,2787,cuban-citizens,41966
1,41973,2789,fijian-citizens,41972
21,41963,2791,irish-citizens,41962
6,42149,2792,bed-bugs,42148
5,83709,2793,beds,83708
10,40294,2795,kef,40293
3,40436,2797,lpb,40435
2,40440,2798,north-island,40439
8,41983,2799,icelandair,41982
1,41979,2802,jaipur,41978
3,41981,2803,marseille,41980
14,,3805,phone-networks,
4,41863,3806,amman,41862
11,42326,3807,china-airlines,42325
3,41965,3809,armenian-citizens,41964
9,41905,3810,sas,41904
7,53344,3811,muscat,53343
7,78359,3813,rates,78358
8,42074,3816,nairobi,42073
1,42048,3818,ecn,42047
15,42078,3820,northern-cyprus,42077
2,42151,3821,yukon,42150
2,43006,3822,gaspesie,43005
4,42324,3823,barranquilla,42323
21,42322,3825,expedia,42321
9,42320,3826,standby,42319
2,42386,3827,trenord,42385
13,42384,3828,trenitalia,42383
3,46031,3829,star-gazing,46030
4,42521,3830,naples,42520
3,42516,3831,pompeii,42515
1,42514,3832,sorrento,42513
6,42519,3833,cape-verde,42518
28,43004,3834,tfl,43003
16,43055,3836,nepali-citizens,43054
3,43053,3837,macedonian-citizens,43052
1,43051,3838,emiri-citizens,43050
7,42864,3839,iraqi-kurdistan,42863
554,43133,3840,visa-refusals,43132
41,52833,3843,land-borders,52832
3,82261,3844,vermont,82260
12,43001,3845,dress-codes,43000
1,50719,3847,kurdistan,50718
5,83094,3848,silk-road,83093
10,43851,3850,bcn,43850
1,45192,3851,tarragona,45191
5,43563,3854,dominican-citizens,43562
2,43565,3855,guyanese-citizens,43564
6,43402,3856,phnom-penh,43401
2,83018,3857,tay-ninh,83017
4,43409,3858,mdw,43408
7,43554,3860,johannesburg,43553
5,43467,3861,prg,43466
9,43568,3866,zimbabwean-citizens,43567
4,66041,3867,antwerp,66040
6,43552,3868,british-citizens,43551
5,43849,3869,venezuelan-citizens,43848
5,53337,3878,gilgit-baltistan,53336
4,43998,3880,tgvair,43997
10,44197,3883,mxp,44196
5,45374,3886,rabies,45373
3,44753,3890,salvadoran-citizens,44752
4,45190,3897,vignettes,45189
1,44814,3898,gmp,44813
1,44882,3899,cun,44881
6,45140,3900,ratp,45139
3,45372,3902,malaga,45371
41,83270,3905,skiing,83269
2,82496,3907,grand-teton,82495
3,46058,3910,verona,46057
22,45618,3912,pre-clearance,45617
12,56407,3915,fare-class,56406
2,51604,3917,liege,51603
5,83330,3919,fare-basis,83329
7,83099,3920,overbooking,83098
5,46267,3922,finnish-citizens,46266
6,45885,3923,versailles,45884
2,45901,3924,pantanal,45900
3,46269,3925,azerbaijani-citizens,46268
16,52863,3927,jet-airways,52862
14,46095,3928,nostalgia,46094
18,46159,3929,national-rail,46158
6,52907,3930,bahrain,52906
45,65821,3936,refugees,65820
2,46546,3942,han,46545
3,46562,3943,nas,46561
18,83338,3949,in-flight-services,83337
77,46954,3950,removal,46953
16,47069,3951,proof-of-accomodation,47068
2,47072,3952,environmental-disasters,47071
6,52953,3954,romanian-citizens,52952
2,47170,3957,yorkshire,47169
2,47179,3958,osl,47178
7,47297,3960,sea,47296
5,47345,3961,mongolian-language,47344
1,47352,3962,phrasebooks,47351
21,47367,3963,child-safety-seats,47366
8,47461,3964,cold-weapons,47460
1,47614,3965,zzyzx,47613
5,47690,3968,fmm-tourist-card,47689
25,53388,3971,biometric-passports,53387
2,82667,3972,chechnya,82666
6,50457,3981,danish-citizens,50456
6,48312,3986,bologna,48311
3,48314,3987,reggio-emilia,48313
107,52825,3988,check-in,52824
9,48455,3991,yemeni-citizens,48454
10,83342,3992,packing,83341
1,48453,3993,luxair,48452
1,48562,3995,poa,48561
22,53048,3998,uber,53047
1,48621,3999,kno,48620
2,56653,4000,canadian-rockies,56652
3,48709,4001,lin,48708
74,48718,4003,application-status,48717
3,53357,4006,park-city,53356
2,49411,4016,empty-leg,49410
12,53396,4019,ita-matrix,53395
2,50698,4020,iata,50697
3,49641,4022,dme,49640
11,50449,4023,algerian-citizens,50448
443,49783,4024,transit-visas,49782
1,82255,4026,ugandan-citizens,82254
9,52837,4028,oktoberfest,52836
2,49919,4029,tgd,49918
3,49922,4030,podgorica,49921
4,82270,4035,oman-air,82269
4,51606,4038,bos,51605
178,53031,4039,short-connections,53030
1,50084,4040,waw,50083
2,82469,4041,stavanger,82468
5,65470,4042,tlv,65469
2,82285,4044,frontier-airlines,82284
22,81354,4045,oyster-card,81353
3,50451,4046,cameroonian-citizens,50450
29,66043,4049,booking.com,66042
1,50731,4051,cgk,50730
7,52884,4057,komodo,52883
13,52839,4058,lombok,52838
2,51412,4061,clt,51411
43,60094,4063,lost-documents,60093
3,51551,4065,bermuda,51550
13,51573,4066,auh,51572
1,52034,4067,malagasy-citizens,52033
1,51686,4068,mcx,51685
1,51814,4069,nte,51813
7,51867,4070,albanian-citizens,51866
2,51952,4073,cur,51951
19,81397,4074,payment,81396
229,52160,4077,tourist-visas,52159
9,81399,4080,fishing,81398
8,52845,4082,caves,52844
35,83446,4083,uk-residents,83445
20,52967,4087,wizz-air,52966
1,52575,4089,skg,52574
2,52573,4090,moldovan-citizens,52572
1,53022,4091,left-luggage,53021
7,83324,4093,road-signs,83323
5,52686,4095,virgin-atlantic,52685
21,64928,4096,proof-of-employment,64927
122,52793,4097,proof-provenance-of-funds,52792
6,56680,4100,porto,56679
2,53098,4102,austrian-citizens,53097
2,60830,4106,aegean-airlines,60829
3,53406,4107,ath,53405
3,53478,4108,bva,53477
5,82272,4109,bud,82271
12,53927,4115,trusted-traveler,53926
1,54237,4120,costa-rican-citizens,54236
9,54309,4121,visa-cancellation,54308
7,56651,4122,yul,56650
43,83444,4125,us-residents,83443
4,56645,4126,aeromexico,56644
4,82506,4127,algonquin-park,82505
1,60889,4132,canberra,60888
7,55794,4135,evidence,55793
4,56643,4138,kansai,56642
8,66045,4139,reviews,66044
2,56647,4140,gulf-air,56646
4,83676,4141,vegetation,83675
3,56297,4142,t-and-t-citizens,56296
2,82471,4147,sharm-el-sheikh,82470
1,56635,4148,culture-day,56634
5,56980,4154,ottawa,56979
2,83083,4159,thousand-islands,83082
4,58680,4163,dca,58679
2,83086,4167,intermodal,83085
2,83433,4168,export-certificate,83432
4,83263,4170,zoos,83262
2,65864,4171,riyadh,65863
3,82319,4175,rwanda,82318
11,58890,4182,freedom-of-movement,58889
4,82589,4183,flyingblue,82588
5,82439,4186,sao-paulo,82438
6,83453,4192,dutch-residents,83452
1,69504,4193,victoria-australia,69503
6,82315,4198,botswana,82314
3,59756,4199,tam-airlines,59755
26,82251,4200,hidden-city-ticketing,82250
4,82593,4202,hyderabad,82592
2,65869,4203,bahamian-citizens,65868
5,60009,4205,novice-travellers,60008
4,65684,4206,brunei,65683
2,60105,4207,yow,60104
6,82500,4209,vancouver-island,82499
1,66037,4216,hurum,66036
5,83455,4218,australian-residents,83454
2,60828,4219,ala,60827
1,65790,4221,cartagena,65789
2,60784,4222,coastline,60783
2,82289,4224,pdx,82288
1,65867,4227,karachi,65866
9,62006,4229,air-china,62005
3,82291,4234,mco,82290
5,61553,4235,bogota,61552
2,61555,4236,medellin,61554
123,61524,4237,applications,61523
6,82441,4238,panama-city,82440
9,61772,4240,industrial-action,61771
6,61854,4243,zika,61853
45,65158,4246,repeat-visits,65157
7,62212,4247,sport-equipment,62211
2,62445,4252,cook-islands,62444
2,82486,4253,bonn,82485
2,62603,4255,sikkim,62602
4,62623,4256,tallinja-cards,62622
2,63805,4257,atac,63804
7,63811,4258,greek-schengen-visas,63810
28,63813,4259,dutch-schengen-visas,63812
55,63908,4260,french-schengen-visas,63907
2,82473,4261,valparaiso,82472
1,63939,4262,premium-services,63938
93,63987,4264,german-schengen-visas,63986
99,63982,4265,standard-visitor-visa,63981
1,64105,4266,cameroon,64104
1,64107,4267,republic-congo,64106
27,64366,4272,disputes,64365
5,83427,4273,toiletries,83426
1,64510,4274,ytz,64509
50,64675,4276,change-purpose-of-travel,64674
9,64818,4277,eu-id-card,64817
2,69463,4281,burgundy,69462
2,82671,4287,indianapolis,82670
4,67739,4288,indiana,67738
1,65465,4290,bog,65464
4,65598,4291,mauritian-citizens,65597
1,65977,4293,jro,65976
15,81358,4296,cabin-crew,81357
3,82287,4298,lot-polish-airlines,82286
11,71882,4300,batteries,71881
29,66623,4302,deception,66622
11,66888,4305,vfs-global,66887
2,82241,4308,hungarian-citizens,82240
1,82293,4309,wlg,82292
5,82253,4311,maltese-citizens,82252
2,82680,4313,tofino,82679
4,82599,4314,victoria-bc,82598
1,82249,4315,liechtenstein-citizens,82248
2,67525,4318,aruba,67524
10,83683,4319,sport,83682
8,82498,4320,crimea,82497
10,67976,4321,climbing,67975
1,82669,4322,gulf-of-guinea,82668
1,68196,4325,language-choice,68195
2,82494,4331,ccu,82493
1,81053,4333,san-marino,81052
1,82665,4335,benidorm,82664
1,73942,4336,aeroplan,73941
3,82443,4337,english-channel,82442
2,83685,4340,transnistria,83684
5,73944,4341,abkhazia,73943
3,82243,4342,ethiopian-citizens,82242
22,69681,4346,tsa-precheck,69680
3,73959,4349,maine,73958
1,82236,4352,zambian-citizens,82235
1,82238,4353,bosnian-citizens,82237
15,83451,4354,italian-residents,83450
1,71152,4355,chukotka,71151
4,71194,4357,lgbt,71193
26,83326,4359,airport-terminals,83325
8,71334,4360,via-rail,71333
5,71396,4361,banff,71395
4,83096,4362,jasper,83095
6,83328,4364,commute,83327
48,71582,4365,visa-expiration,71581
2,82459,4366,catalonia,82458
7,73956,4368,portuguese-citizens,73955
2,82325,4369,transavia,82324
1,82602,4370,pamplona,82601
2,82673,4371,innsbruck,82672
16,72860,4373,vueling,72859
2,83010,4376,sakhalin,83009
4,82307,4377,china-eastern,82306
1,83382,4379,medina,83381
3,73954,4381,kuwaiti-citizens,73953
4,72945,4382,gcc,72944
1,82309,4384,hux,82308
1,73322,4387,kanto,73321
2,83442,4389,tibetan-language,83441
2,77469,4390,sichuan,77468
2,82278,4395,peach-aviation,82277
1,82268,4396,eurowings,82267
5,83332,4405,canoeing-and-kayaking,83331
3,82523,4406,sumatra-indonesia,82522
3,83079,4407,georgian-bay,83078
4,82247,4418,belarusian-citizens,82246
4,76445,4421,caravans,76444
3,82276,4425,royal-air-maroc,82275
2,82299,4429,fll,82298
3,82301,4430,mia,82300
1,83380,4431,taichung,83379
3,82245,4432,mongolian-citizens,82244
1,82303,4433,sju,82302
3,77095,4434,google-search,77094
1,82305,4436,kbv,82304
4,82605,4437,krabi,82604
1,82264,4438,alabama,82263
2,79140,4441,delaware,79139
20,82597,4442,italian-schengen-visas,82596
2,77768,4445,rovaniemi,77767
2,82453,4447,bern,82452
1,78132,4449,elq,78131
2,82283,4450,cathay-dragon,82282
1,83361,4451,special-economic-zones,83360
7,83436,4452,chinese-language,83435
21,78381,4453,deutsche-bahn,78380
3,79138,4456,minsk,79137
12,78692,4461,visa-bans,78691
1,82295,4462,ayt,82294
12,79136,4467,iraqi-citizens,79135
5,82317,4468,mozambique,82316
3,78887,4469,sxf,78886
1,82297,4470,flr,82296
3,82457,4472,nagoya,82456
1,79132,4473,ngo,79131
1,83378,4474,societe-hop,83377
11,83014,4476,connecting-flight,83013
2,82321,4478,lesotho,82320
2,79285,4479,los,79284
1,79218,4480,day-counting,79217
3,82280,4483,thomson-airways,82279
1,79790,4484,borajet,79789
2,79783,4486,illinois,79782
6,82234,4487,belgian-citizens,82233
21,83449,4488,german-residents,83448
1,82607,4489,malmo,82606
1,80135,4491,ktm,80134
1,80625,4492,kaza-univisa,80624
2,80295,4493,kbp,80294
2,80455,4494,shinto,80454
1,82327,4495,israir-airlines,82326
1,80722,4498,nauru,80721
1,81030,4500,gau,81029
1,81152,4502,urban-exploration,81151
1,82230,4503,kyrgyz-citizens,82229
7,81309,4504,lithuanian-citizens,81308
1,82311,4505,wow-air,82310
3,81812,4508,fujian,81811
11,81895,4512,freelance,81894
2,81962,4513,abz,81961
1,82060,4516,swazi-citizens,82059
2,82257,4518,lad,82256
3,82349,4519,mct,82348
1,82609,4523,alc,82608
1,82638,4524,ind,82637
2,82915,4525,bhx,82914
4,83711,4526,myanmar-citizens,83710
3,84288,4530,flydubai,84287
2,84296,4531,roundabouts,84295
1,84291,4532,marshall-islands,84290
1,84294,4535,halong-bay,84293
2,84298,4536,viewpoint,84297
6,83747,4537,cinema,83746
1,84552,4539,trainline,84551
3,83986,4540,georgian-citizens,83985
1,84546,4544,tanzanian-citizens,84545
4,84574,4545,seychelles,84573
2,84548,4546,sez,84547
2,84550,4547,papua-new-guinea,84549
1,84544,4548,louisiana,84543
4,84419,4549,sgn,84418
28,84442,4550,age-limits,84441
1,84535,4552,south-african-airways,84534
3,84834,4558,darien-gap,84833
3,84777,4560,cemeteries,84776
1,84836,4561,the-canadian,84835
1,84860,4562,barbados,84859
1,85046,4563,easypass,85045
4,85081,4564,ecuadorian-citizens,85080
3,85075,4565,angola,85074
3,85087,4566,china-railway,85086
4,85083,4567,croatian-citizens,85082
6,85246,4570,jungfrau-region,85245
1,85243,4571,wengen,85242
29,85534,4573,x-ray-machines,85533
3,85419,4575,uluru,85418
1,85571,4577,brs,85570
1,86032,4579,hawaiian-airlines,86031
15,86114,4581,lock-screens,86113
1,86689,4583,stt,86688
73,86746,4584,passport-renewals,86745
2,86867,4586,kazakh-citizens,86866
4,86986,4588,aer-lingus,86985
1,,4591,repositioning-cruises,
150,87614,4592,standard-visitor-visas,87613
9,87616,4593,drones,87615
4,87941,4597,travel-insurance-claim,87940
1,88092,4599,nashville,88091
4,88131,4601,cinque-terre,88130
1,88096,4602,bna,88095
1,,4603,pickpocketing,
1,88272,4604,monegasque-citizens,88271
23,88270,4605,transition-of-visa-status,88269
1,,4607,languedoc,
2,,4608,nj-transit,
15,88307,4609,proof-of-accommodation,88306
1,,4611,norah-head,
3,88745,4615,sierra-leone,88744
1,88787,4617,michoacan,88786
2,,4619,vayama.com,
1,,4620,persian-language,
1,88848,4621,eritrean-citizens,88847
4,88843,4622,jamaican-citizens,88842
1,88845,4623,mozambican-citizens,88844
3,,4624,casinos,
11,,4625,bank-statements,
1,,4626,geysers,
2,,4627,timatic,
2,,4628,bermuda-triangle,
13,89345,4629,irctc,89344
1,,4632,lines,
7,,4633,passport-control,
1,89549,4634,reservation-failure,89548
1,,4635,american-samoa,
1,,4637,temporary-admission,
1,90101,4638,ok-to-board,90100
2,,4639,antigua,
1,,4640,curacao,
10,90004,4641,payment-verifications,90003
1,,4642,belohorizonte,
1,90105,4643,sihanoukville,90104
5,,4644,ethiopian-airlines,
1,90372,4645,cypriot-citizens,90371
2,90365,4646,rtm,90364
4,,4647,serbian-citizens,
34,,4649,connecting-flights,
1,90923,4654,qinghai,90922
1,,4655,aosta,
1,,4656,la-thuile,
9,,4657,criminal-records,
9,91037,4658,ecr,91036
1,,4659,proof-of-address,
3,,4660,fines,
3,,4661,canadian-residents,
5,,4662,visa-renewals,
1,91285,4663,gers,91284
6,,4665,science,
1,,4666,vladivostok,
1,92011,4667,tabriz,92010
12,,4668,visit,
1,92118,4670,balearic-islands,92117
1,,4671,mulhouse,
2,,4672,alitalia,
1,,4673,orbitz,
1,,4674,ayutthaya,
1,94356,4675,smf,94355
2,92464,4676,translations,92463
1,,4678,angolan-citizens,
1,,4681,grodno,
1,,4682,hrodna,
1,92918,4683,change-of-circumstances,92917
2,,4684,gate-check,
1,94189,4687,mauritanian-citizens,94188
1,,4689,parma,
3,93729,4690,allegiant-air,93728
2,93891,4692,cmn,93890
3,93893,4693,gambian-citizens,93892
1,94187,4694,mauritania,94186
1,94353,4695,essex,94352
1,94231,4696,rho,94230
1,,4697,canda,
3,,4698,fuel,
1,94519,4699,avianca,94518
1,,4701,noumea,
1,94788,4702,condor,94787
1,94948,4703,guinea-bissau,94947
1,,4704,laotian-citizens,
1,95503,4705,italy-weather,95502
2,95599,4706,kharkiv,95598
1,,4707,st-kitts-and-nevis,
1,95557,4708,skb,95556
4,,4710,entry,
1,,4713,haifa,
1,,4714,longyearbyen,
3,97854,4715,flixbus,97853
1,,4716,noise-pollution,
1,,4719,chiang-rai,
1,,4720,burkina-faso-citizens,
1,,4721,downtown,
5,,4722,kruger-national-park,
1,98815,4723,poznan,98814
8,98882,4724,serial-refusals,98881
1,,4725,timetables,
1,,4726,cambodian-citizens,
1,,4727,ice-caves,
1,,4728,october,
1,99286,4729,guyana,99285
1,99276,4730,mallorca,99275
8,,4731,mosques,
1,99445,4732,aal,99444
1,,4733,christmas,
1,,4734,skopje,
1,,4735,yxu,
1,99668,4736,azerbaijani-language,99667
1,,4737,cleaning,
2,100080,4738,nbo,100079
2,,4739,kenya-airways,
1,,4740,cusco,
1,100186,4741,sjd,100185
1,,4742,untagged,
1,,4743,pair-travel,
1,,4744,macchu-picchu,
1,,4745,asylum,
